Subscription Category,Total Data Usage (GB)
Basic,56.478167701863356
Premium,54.601651917404126
Standard,52.93451327433628
